{"cameraMode":{"drawMode":0,"name":"Shaded","section":"Shading Mode"},"sceneLighting":true,"audioPlay":false,"sceneViewState":{"m_AlwaysRefresh":false,"showFog":true,"showSkybox":true,"showFlares":true,"showImageEffects":true,"showParticleSystems":true,"showVisualEffectGraphs":true,"m_FxEnabled":true},"in2DMode":false,"pivot":{"x":32.04408645629883,"y":0.8899999856948853,"z":13.917613983154297},"rotation":{"x":-0.19824935495853425,"y":-0.33198273181915285,"z":0.07178360223770142,"w":-0.9195981621742249},"size":12.833100318908692,"orthographic":false}